{
    "Los Angeles": [34.0522, -118.2437],
    "New York": [40.7128, -74.0060],
    "London": [51.5074, -0.1278],
    "Paris": [48.8566, 2.3522],
    "Tokyo": [35.6895, 139.6917],
    "Beijing": [39.9042, 116.4074],
    "Moscow": [55.7558, 37.6173],
    "Sydney": [33.8688, 151.2093],
    "Rome": [41.9028, 12.4964],
    "Berlin": [52.5200, 13.4050],
    "Dubai": [25.276987, 55.296249],
    "Rio de Janeiro": [22.9068, -43.1729],
    "Istanbul": [41.0082, 28.9784],
    "Mexico City": [19.4326, -99.1332],
    "Mumbai": [19.0760, 72.8777],
    "Toronto": [43.651070, -79.347015],
    "Buenos Aires": [34.6037, -58.3816],
    "Cairo": [30.0444, 31.2357],
    "Bangkok": [13.7563, 100.5018],
    "Seoul": [37.5665, 126.9780],
    "Hong Kong": [22.3193, 114.1694],
    "Shanghai": [31.2304, 121.4737],
    "Singapore": [1.3521, 103.8198],
    "São Paulo": [-23.5505, -46.6333],
    "Madrid": [40.4168, -3.7038],
    "Lisbon": [38.7223, -9.1393],
    "Vienna": [48.2082, 16.3738],
    "Amsterdam": [52.3676, 4.9041],
    "Brussels": [50.8503, 4.3517],
    "Zurich": [47.3769, 8.5417],
    "Stockholm": [59.3293, 18.0686],
    "Oslo": [59.9139, 10.7522],
    "Copenhagen": [55.6761, 12.5683],
    "Helsinki": [60.1695, 24.9354],
    "Warsaw": [52.2297, 21.0122],
    "Prague": [50.0755, 14.4378],
    "Budapest": [47.4979, 19.0402],
    "Athens": [37.9838, 23.7275],
    "Dublin": [53.3498, -6.2603],
    "Edinburgh": [55.9533, -3.1883],
    "Barcelona": [41.3851, 2.1734],
    "Munich": [48.1351, 11.5820],
    "Hamburg": [53.5511, 9.9937],
    "Frankfurt": [50.1109, 8.6821],
    "Venice": [45.4408, 12.3155],
    "Florence": [43.7696, 11.2558],
    "Milan": [45.4642, 9.1900],
    "Naples": [40.8518, 14.2681],
    "Bucharest": [44.4268, 26.1025],
    "Sofia": [42.6977, 23.3219],
    "Belgrade": [44.7866, 20.4489],
    "Zagreb": [45.8150, 15.9819],
    "Ljubljana": [46.0569, 14.5058],
    "Sarajevo": [43.8563, 18.4131],
    "Skopje": [41.9981, 21.4254],
    "Podgorica": [42.4304, 19.2594],
    "Tirana": [41.3275, 19.8189],
    "Kiev": [50.4501, 30.5234],
    "Saint Petersburg": [59.9343, 30.3351],
    "Minsk": [53.9045, 27.5615],
    "Riga": [56.9496, 24.1052],
    "Vilnius": [54.6872, 25.2797],
    "Tallinn": [59.4370, 24.7535],
    "Ankara": [39.9334, 32.8597],
    "Tehran": [35.6892, 51.3890],
    "Baghdad": [33.3152, 44.3661],
    "Damascus": [33.5138, 36.2765],
    "Beirut": [33.8938, 35.5018],
    "Jerusalem": [31.7683, 35.2137],
    "Riyadh": [24.7136, 46.6753],
    "Doha": [25.276987, 51.520008],
    "Kuwait City": [29.3759, 47.9774],
    "Manama": [26.2285, 50.5860],
    "Muscat": [23.5880, 58.3829],
    "Islamabad": [33.6844, 73.0479],
    "Kabul": [34.5553, 69.2075],
    "Kathmandu": [27.7172, 85.3240],
    "Dhaka": [23.8103, 90.4125],
    "Yangon": [16.8409, 96.1735],
    "Hanoi": [21.0285, 105.8542],
    "Jakarta": [-6.2088, 106.8456],
    "Manila": [14.5995, 120.9842],
    "Kuala Lumpur": [3.1390, 101.6869],
    "Vientiane": [17.9757, 102.6331],
    "Phnom Penh": [11.5564, 104.9282],
    "Wellington": [-41.2865, 174.7762],
    "Canberra": [-35.2809, 149.1300],
    "Addis Ababa": [9.1450, 40.4897],
    "Nairobi": [-1.2921, 36.8219],
    "Cape Town": [-33.9249, 18.4241],
    "Johannesburg": [-26.2041, 28.0473],
    "Lagos": [6.5244, 3.3792],
    "Accra": [5.6037, -0.1870],
    "Casablanca": [33.5731, -7.5898],
    "Algiers": [36.7372, 3.0865],
    "Tunis": [36.8065, 10.1815],
    "Khartoum": [15.5007, 32.5599],
    "Lima": [-12.0464, -77.0428],
    "Santiago": [-33.4489, -70.6693],
    "Bogota": [4.7110, -74.0721],
    "Caracas": [10.4806, -66.9036],
    "Quito": [-0.1807, -78.4678],
    "Havana": [23.1136, -82.3666],
    "Chicago": [41.8781, -87.6298],
    "Houston": [29.7604, -95.3698],
    "Phoenix": [33.4484, -112.0740],
    "Philadelphia": [39.9526, -75.1652],
    "San Antonio": [29.4241, -98.4936],
    "San Diego": [32.7157, -117.1611],
    "Dallas": [32.7767, -96.7970],
    "San Jose": [37.3382, -121.8863],
    "Austin": [30.2672, -97.7431],
    "Jacksonville": [30.3322, -81.6557],
    "Fort Worth": [32.7555, -97.3308],
    "Columbus": [39.9612, -82.9988],
    "Charlotte": [35.2271, -80.8431],
    "San Francisco": [37.7749, -122.4194],
    "Indianapolis": [39.7684, -86.1581],
    "Seattle": [47.6062, -122.3321],
    "Denver": [39.7392, -104.9903],
    "Washington": [38.9072, -77.0369],
    "Boston": [42.3601, -71.0589],
    "El Paso": [31.7619, -106.4850],
    "Nashville": [36.1627, -86.7816],
    "Detroit": [42.3314, -83.0458],
    "Oklahoma City": [35.4676, -97.5164],
    "Portland": [45.5051, -122.6750],
    "Las Vegas": [36.1699, -115.1398],
    "Memphis": [35.1495, -90.0490],
    "Louisville": [38.2527, -85.7585],
    "Baltimore": [39.2904, -76.6122],
    "Milwaukee": [43.0389, -87.9065],
    "Albuquerque": [35.0844, -106.6504],
    "Tucson": [32.2226, -110.9747],
    "Fresno": [36.7378, -119.7871],
    "Mesa": [33.4152, -111.8315],
    "Sacramento": [38.5816, -121.4944],
    "Atlanta": [33.7490, -84.3880],
    "Kansas City": [39.0997, -94.5786],
    "Colorado Springs": [38.8339, -104.8214],
    "Miami": [25.7617, -80.1918],
    "Raleigh": [35.7796, -78.6382],
    "Omaha": [41.2565, -95.9345],
    "Long Beach": [33.7701, -118.1937],
    "Virginia Beach": [36.8529, -75.9780],
    "Oakland": [37.8044, -122.2711],
    "Minneapolis": [44.9778, -93.2650],
    "Tulsa": [36.1539, -95.9928],
    "Tampa": [27.9506, -82.4572],
    "Arlington": [32.7357, -97.1081],
    "New Orleans": [29.9511, -90.0715],
    "Wichita": [37.6872, -97.3301],
    "Cleveland": [41.4993, -81.6944],
    "Bakersfield": [35.3733, -119.0187],
    "Aurora": [39.7294, -104.8319],
    "Anaheim": [33.8366, -117.9143],
    "Honolulu": [21.3069, -157.8583],
    "Santa Ana": [33.7455, -117.8677],
    "Riverside": [33.9806, -117.3755],
    "Corpus Christi": [27.8006, -97.3964],
    "Lexington": [38.0406, -84.5037],
    "Henderson": [36.0395, -114.9817],
    "Stockton": [37.9577, -121.2908],
    "Saint Paul": [44.9537, -93.0900],
    "Cincinnati": [39.1031, -84.5120],
    "St. Louis": [38.6270, -90.1994],
    "Pittsburgh": [40.4406, -79.9959],
    "Greensboro": [36.0726, -79.7910],
    "Lincoln": [40.8136, -96.7026],
    "Anchorage": [61.2181, -149.9003],
    "Plano": [33.0198, -96.6989],
    "Orlando": [28.5383, -81.3792],
    "Irvine": [33.6846, -117.8265],
    "Newark": [40.7357, -74.1724],
    "Durham": [35.9940, -78.8986],
    "Chula Vista": [32.6401, -117.0842],
    "Toledo": [41.6528, -83.5379],
    "Fort Wayne": [41.0793, -85.1394],
    "St. Petersburg": [27.7676, -82.6403],
    "Laredo": [27.5306, -99.4803],
    "Jersey City": [40.7178, -74.0431],
    "Chandler": [33.3062, -111.8413],
    "Madison": [43.0731, -89.4012],
    "Lubbock": [33.5779, -101.8552],
    "Scottsdale": [33.4942, -111.9261],
    "Reno": [39.5296, -119.8138],
    "Buffalo": [42.8864, -78.8784],
    "Gilbert": [33.3528, -111.7890],
    "Glendale": [33.5387, -112.1860],
    "North Las Vegas": [36.1989, -115.1175],
    "Winston-Salem": [36.0999, -80.2442],
    "Chesapeake": [36.7682, -76.2875],
    "Norfolk": [36.8508, -76.2859],
    "Fremont": [37.5483, -121.9886],
    "Garland": [32.9126, -96.6389],
    "Irving": [32.8140, -96.9489],
    "Hialeah": [25.8576, -80.2781],
    "Richmond": [37.5407, -77.4360],
    "Boise": [43.6150, -116.2023],
    "Spokane": [47.6588, -117.4260],
    "Baton Rouge": [30.4515, -91.1871],
    "Tacoma": [47.2529, -122.4443],
    "San Bernardino": [34.1083, -117.2898],
    "Modesto": [37.6391, -120.9969],
    "Fontana": [34.0922, -117.4350],
    "Des Moines": [41.5868, -93.6250],
    "Moreno Valley": [33.9425, -117.2297],
    "Santa Clarita": [34.3917, -118.5426],
    "Fayetteville": [35.0527, -78.8784],
    "Birmingham": [33.5186, -86.8104]
}
